{
  "optimal_feature_count": 40,
  "feature_list": [
    "feature_0",
    "feature_1",
    "feature_2",
    "feature_3",
    "feature_4",
    "feature_5",
    "feature_6",
    "feature_7",
    "feature_8",
    "feature_9",
    "feature_10",
    "feature_11",
    "feature_12",
    "feature_13",
    "feature_14",
    "feature_15",
    "feature_16",
    "feature_17",
    "feature_18",
    "feature_19",
    "feature_20",
    "feature_21",
    "feature_22",
    "feature_23",
    "feature_24",
    "feature_25",
    "feature_26",
    "feature_27",
    "feature_28",
    "feature_29",
    "feature_30",
    "feature_31",
    "feature_32",
    "feature_33",
    "feature_34",
    "feature_35",
    "feature_36",
    "feature_37",
    "feature_38",
    "feature_39",
    "feature_40",
    "feature_41"
  ],
  "timestamp": "2025-03-18T10:06:12.920681",
  "data_rows": 100,
  "top_features": [
    [
      "body_size",
      0.16750445729785737
    ],
    [
      "close",
      0.1341674592421133
    ],
    [
      "upper_wick",
      0.09489479253840427
    ],
    [
      "stoch_k",
      0.06735925333064004
    ],
    [
      "return_3",
      0.06380189347835748
    ],
    [
      "upper_wick_percent",
      0.06081612269164896
    ],
    [
      "ema_ema_9",
      0.06067609040984161
    ],
    [
      "return_10",
      0.05622399460094496
    ],
    [
      "roc_10",
      0.05420345006308853
    ],
    [
      "macd_hist",
      0.050074165300594504
    ],
    [
      "dist_to_ema_ema_50",
      0.04999695343509332
    ],
    [
      "vwap",
      0.047692978724420056
    ],
    [
      "lower_wick",
      0.04501987637387053
    ],
    [
      "macd",
      0.03952155747148794
    ],
    [
      "volume",
      0.03902116667658161
    ],
    [
      "price_volume_trend",
      0.03789656627441415
    ],
    [
      "high",
      0.03779252843274434
    ],
    [
      "low",
      0.03687882941037373
    ],
    [
      "atr",
      0.035720555071621654
    ],
    [
      "ema_ema_50",
      0.03382020560944075
    ]
  ]
}