{
  "loss": 0.24987198412418365,
  "horizons": {
    "horizon_12": {
      "direction": {
        "accuracy": 0.5114707911683533,
        "precision": 0.5114707911683533,
        "recall": 1.0,
        "f1_score": 0.6767855444602948,
        "confusion_matrix": [
          [
            0,
            16993
          ],
          [
            0,
            17791
          ]
        ]
      }
    }
  }
}