{
  "accuracy": [
    0.49948850274086,
    0.5037826299667358,
    0.5056977868080139,
    0.5056620836257935,
    0.5056620836257935,
    0.5056620836257935,
    0.5056620836257935,
    0.5056620836257935,
    0.5056620836257935,
    0.5056620836257935,
    0.5056620836257935,
    0.5056620836257935,
    0.5056620836257935,
    0.5056620836257935,
    0.5056620836257935,
    0.5056620836257935,
    0.5056620836257935,
    0.5056620836257935,
    0.5056620836257935,
    0.5056620836257935,
    0.5056620836257935,
    0.5056620836257935,
    0.5056620836257935,
    0.5056620836257935,
    0.5056620836257935,
    0.5056620836257935,
    0.5056620836257935,
    0.5056620836257935,
    0.5056620836257935,
    0.5056620836257935,
    0.5056620836257935,
    0.5056620836257935,
    0.5056620836257935,
    0.5056620836257935,
    0.5056620836257935,
    0.5056620836257935,
    0.5056620836257935,
    0.5056620836257935,
    0.5056620836257935,
    0.5056620836257935,
    0.5056620836257935,
    0.5056620836257935,
    0.5056620836257935,
    0.5056620836257935,
    0.5056620836257935,
    0.5056620836257935,
    0.5056620836257935,
    0.5056620836257935,
    0.5056620836257935,
    0.5056620836257935,
    0.5056620836257935,
    0.5056620836257935,
    0.5056620836257935,
    0.5056620836257935,
    0.5056620836257935,
    0.5056620836257935,
    0.5056620836257935,
    0.5056620836257935,
    0.5056620836257935,
    0.5056620836257935,
    0.5056620836257935,
    0.5056620836257935,
    0.5056620836257935,
    0.5056620836257935,
    0.5056620836257935,
    0.5056620836257935,
    0.5056620836257935,
    0.5056620836257935,
    0.5056620836257935,
    0.5056620836257935,
    0.5056620836257935,
    0.5056620836257935,
    0.5056620836257935,
    0.5056620836257935,
    0.5056620836257935,
    0.5056620836257935,
    0.5056620836257935,
    0.5056620836257935,
    0.5056620836257935,
    0.5056620836257935,
    0.5056620836257935,
    0.5056620836257935,
    0.5056620836257935,
    0.5056620836257935,
    0.5056620836257935,
    0.5056620836257935,
    0.5056620836257935,
    0.5056620836257935,
    0.5056620836257935,
    0.5056620836257935,
    0.5056620836257935,
    0.5056620836257935,
    0.5056620836257935,
    0.5056620836257935,
    0.5056620836257935,
    0.5056620836257935,
    0.5056620836257935,
    0.5056620836257935,
    0.5056620836257935,
    0.5056620836257935
  ],
  "loss": [
    0.7675978541374207,
    0.6989212036132812,
    0.69330233335495,
    0.6932086944580078,
    0.6932032704353333,
    0.6932186484336853,
    0.6932075619697571,
    0.6932087540626526,
    0.6931571364402771,
    0.6931524872779846,
    0.6931489109992981,
    0.6931517124176025,
    0.6931487321853638,
    0.6931172609329224,
    0.6931174993515015,
    0.6931145787239075,
    0.6931154131889343,
    0.6931163668632507,
    0.6931009888648987,
    0.6931005120277405,
    0.693099856376648,
    0.6931007504463196,
    0.6931018233299255,
    0.6930995583534241,
    0.6930913925170898,
    0.6930906176567078,
    0.6930935382843018,
    0.6930915713310242,
    0.6930919885635376,
    0.6930884122848511,
    0.6930874586105347,
    0.6930868029594421,
    0.6930874586105347,
    0.6930872797966003,
    0.6930860877037048,
    0.6930851936340332,
    0.6930849552154541,
    0.6930850148200989,
    0.6930851340293884,
    0.6930843591690063,
    0.693084180355072,
    0.6930844187736511,
    0.6930840611457825,
    0.6930853128433228,
    0.6930835843086243,
    0.693082869052887,
    0.693083643913269,
    0.6930832266807556,
    0.6930837035179138,
    0.6930822730064392,
    0.693083643913269,
    0.6930833458900452,
    0.6930835247039795,
    0.6930831670761108,
    0.6930822730064392,
    0.6930837035179138,
    0.6930827498435974,
    0.6930826902389526,
    0.6930831074714661,
    0.6930830478668213,
    0.6930831074714661,
    0.6930831670761108,
    0.693082332611084,
    0.6930835247039795,
    0.6930837035179138,
    0.6930835843086243,
    0.6930829882621765,
    0.6930832862854004,
    0.6930826902389526,
    0.6930844187736511,
    0.6930828094482422,
    0.6930829286575317,
    0.6930832266807556,
    0.6930831670761108,
    0.6930827498435974,
    0.693084180355072,
    0.6930834650993347,
    0.6930829286575317,
    0.6930838227272034,
    0.6930834054946899,
    0.6930835843086243,
    0.6930833458900452,
    0.6930827498435974,
    0.6930835247039795,
    0.6930831670761108,
    0.6930840611457825,
    0.6930835247039795,
    0.6930831074714661,
    0.6930838823318481,
    0.6930833458900452,
    0.6930834650993347,
    0.6930840611457825,
    0.6930832862854004,
    0.6930837035179138,
    0.6930828094482422,
    0.6930832862854004,
    0.693084180355072,
    0.6930831670761108,
    0.6930831670761108,
    0.6930829286575317
  ],
  "val_accuracy": [
    0.49118712544441223,
    0.5088129043579102,
    0.5088129043579102,
    0.5088129043579102,
    0.5088129043579102,
    0.5088129043579102,
    0.5088129043579102,
    0.5088129043579102,
    0.5088129043579102,
    0.5088129043579102,
    0.5088129043579102,
    0.5088129043579102,
    0.5088129043579102,
    0.5088129043579102,
    0.5088129043579102,
    0.5088129043579102,
    0.5088129043579102,
    0.5088129043579102,
    0.5088129043579102,
    0.5088129043579102,
    0.5088129043579102,
    0.5088129043579102,
    0.5088129043579102,
    0.5088129043579102,
    0.5088129043579102,
    0.5088129043579102,
    0.5088129043579102,
    0.5088129043579102,
    0.5088129043579102,
    0.5088129043579102,
    0.5088129043579102,
    0.5088129043579102,
    0.5088129043579102,
    0.5088129043579102,
    0.5088129043579102,
    0.5088129043579102,
    0.5088129043579102,
    0.5088129043579102,
    0.5088129043579102,
    0.5088129043579102,
    0.5088129043579102,
    0.5088129043579102,
    0.5088129043579102,
    0.5088129043579102,
    0.5088129043579102,
    0.5088129043579102,
    0.5088129043579102,
    0.5088129043579102,
    0.5088129043579102,
    0.5088129043579102,
    0.5088129043579102,
    0.5088129043579102,
    0.5088129043579102,
    0.5088129043579102,
    0.5088129043579102,
    0.5088129043579102,
    0.5088129043579102,
    0.5088129043579102,
    0.5088129043579102,
    0.5088129043579102,
    0.5088129043579102,
    0.5088129043579102,
    0.5088129043579102,
    0.5088129043579102,
    0.5088129043579102,
    0.5088129043579102,
    0.5088129043579102,
    0.5088129043579102,
    0.5088129043579102,
    0.5088129043579102,
    0.5088129043579102,
    0.5088129043579102,
    0.5088129043579102,
    0.5088129043579102,
    0.5088129043579102,
    0.5088129043579102,
    0.5088129043579102,
    0.5088129043579102,
    0.5088129043579102,
    0.5088129043579102,
    0.5088129043579102,
    0.5088129043579102,
    0.5088129043579102,
    0.5088129043579102,
    0.5088129043579102,
    0.5088129043579102,
    0.5088129043579102,
    0.5088129043579102,
    0.5088129043579102,
    0.5088129043579102,
    0.5088129043579102,
    0.5088129043579102,
    0.5088129043579102,
    0.5088129043579102,
    0.5088129043579102,
    0.5088129043579102,
    0.5088129043579102,
    0.5088129043579102,
    0.5088129043579102,
    0.5088129043579102
  ],