{
  "accuracy": [
    0.5002507567405701,
    0.4954867959022522,
    0.4980657696723938,
    0.5026147961616516,
    0.4993910789489746,
    0.5006089210510254,
    0.5017551183700562,
    0.4987821578979492,
    0.5037968158721924,
    0.5011103749275208,
    0.5026506185531616,
    0.50017911195755,
    0.5040475726127625,
    0.5039042830467224,
    0.5039042830467224,
    0.5039042830467224,
    0.5039042830467224,
    0.5039042830467224,
    0.5039042830467224,
    0.5039042830467224,
    0.5039042830467224,
    0.5039042830467224,
    0.5039042830467224,
    0.5039042830467224,
    0.5039042830467224,
    0.5039042830467224,
    0.5039042830467224,
    0.5039042830467224,
    0.5039042830467224,
    0.5039042830467224,
    0.5039042830467224,
    0.5039042830467224,
    0.5039042830467224,
    0.5039042830467224,
    0.5039042830467224,
    0.5039042830467224,
    0.5039042830467224,
    0.5039042830467224
  ],
  "loss": [
    0.7404270172119141,
    0.7269978523254395,
    0.7171811461448669,
    0.7094194293022156,
    0.7042379975318909,
    0.7001795172691345,
    0.6976804137229919,
    0.6958492398262024,
    0.6948122978210449,
    0.6941258311271667,
    0.6937242746353149,
    0.6935016512870789,
    0.6933474540710449,
    0.6932393312454224,
    0.6931889057159424,
    0.6931692361831665,
    0.6931517124176025,
    0.6931530237197876,
    0.6931544542312622,
    0.6931658387184143,
    0.6931410431861877,
    0.6931384205818176,
    0.6931424140930176,
    0.6931399703025818,
    0.6931442618370056,
    0.6931397914886475,
    0.6931403875350952,
    0.6931286454200745,
    0.693128764629364,
    0.6931297183036804,
    0.6931270360946655,
    0.6931297779083252,
    0.6931288838386536,
    0.6931281089782715,
    0.6931225657463074,
    0.6931220889091492,
    0.6931233406066895,
    0.6931222677230835
  ],
  "val_accuracy": [
    0.5252336263656616,
    0.5252336263656616,
    0.5252336263656616,
    0.474766343832016,
    0.5252336263656616,
    0.5252336263656616,
    0.5252336263656616,
    0.474766343832016,
    0.474766343832016,
    0.5252336263656616,
    0.5252336263656616,
    0.5252336263656616,
    0.5252336263656616,
    0.5252336263656616,
    0.5252336263656616,
    0.5252336263656616,
    0.5252336263656616,
    0.5252336263656616,
    0.5252336263656616,
    0.5252336263656616,
    0.5252336263656616,
    0.5252336263656616,
    0.5252336263656616,
    0.5252336263656616,
    0.5252336263656616,
    0.5252336263656616,
    0.5252336263656616,
    0.5252336263656616,
    0.5252336263656616,
    0.5252336263656616,
    0.5252336263656616,
    0.5252336263656616,
    0.5252336263656616,
    0.5252336263656616,
    0.5252336263656616,
    0.5252336263656616,
    0.5252336263656616,
    0.5252336263656616
  ],
  "val_loss": [
    0.7297203540802002,
    0.7203158736228943,
    0.7113412618637085,
    0.7082434892654419,
    0.7008994221687317,
    0.6975091099739075,
    0.6959709525108337,
    0.6956859230995178,
    0.6944538354873657,
    0.6935955286026001,
    0.6931488513946533,
    0.6930664777755737,
    0.6928556561470032,
    0.6928683519363403,
    0.6928151845932007,
    0.6928189992904663,
    0.6928660273551941,
    0.6928229331970215,
    0.6928396821022034,
    0.6927956938743591,
    0.6927957534790039,
    0.6927841305732727,
    0.6927661895751953,
    0.6928157806396484,
    0.6928232908248901,
    0.6928033232688904,
    0.6928398013114929,
    0.6928188800811768,
    0.6928136944770813,
    0.6928108334541321,
    0.6928013563156128,
    0.6927877068519592,
    0.6927894353866577,
    0.692786693572998,
    0.6927814483642578,
    0.6927810907363892,
    0.6927887201309204,
    0.6927838921546936
  ],
  "learning_rate": [
    0.0006251373561099172,
    0.0006251373561099172,
    0.0006251373561099172,
    0.0006251373561099172,
    0.0006251373561099172,
    0.0006251373561099172,
    0.0006251373561099172,
    0.0006251373561099172,
    0.0006251373561099172,
    0.0006251373561099172,
    0.0006251373561099172,
    0.0006251373561099172,
    0.0006251373561099172,
    0.0006251373561099172,
    0.0006251373561099172,
    0.0006251373561099172,
    0.0006251373561099172,
    0.0006251373561099172,
    0.0006251373561099172,
    0.0006251373561099172,
    0.0003125686780549586,
    0.0003125686780549586,
    0.0003125686780549586,
    0.0003125686780549586,
    0.0003125686780549586,
    0.0003125686780549586,
    0.0003125686780549586,
    0.0001562843390274793,
    0.0001562843390274793,
    0.0001562843390274793,
    0.0001562843390274793,
    0.0001562843390274793,
    0.0001562843390274793,
    0.0001562843390274793,
    7.814216951373965e-05,
    7.814216951373965e-05,
    7.814216951373965e-05,
    7.814216951373965e-05
  ]
}