{
  "evaluation": [
    0.6927659511566162,
    0.5252336263656616
  ],
  "direction_accuracy": {
    "horizon_1h": 0.525233644859813
  },
  "timestamp": "2025-03-08T13:42:15.906952"
}